UpstreamFile,MojoFile,UpstreamLines,SourceSHA256,Status,Notes
__init__.py,__init__.mojo,695,48bbf9f19ba277b8471c129a1c99a5258f537e8dd33ae770f3385ad07e3752f6,in progress,Package exports are only partially ported; currently exposes version and Bot API version metadata.
__main__.py,__main__.mojo,53,18c165e9e3df5b27d1993a61ba3f32bc684542349ecd6b17d15fad4ba2cc6e84,in progress,Native CLI formats and prints the library and Bot API versions. Focused formatting checks pass; subprocess git-describe metadata and reporting the Python runtime are replaced by the native Mojo runtime label.
_birthdate.py,_birthdate.mojo,92,96f752d2af595f1c5af105d22325924556091ff3536fa0c87ab659bc4704b47e,in progress,"Birthdate fields, day/month equality, nullable-year JSON, and to_date validation are native; the return is the port's Date type rather than datetime.date, and inherited TelegramObject behavior remains."
_bot.py,_bot.mojo,12522,35a29d3356a32908414520585a90c9217055d1326ec4ecd7c723cf61ef62ae41,in progress,"Native Bot ports nonempty-token validation, token URL templates, API/file URL composition, local_mode, optional PEM private-key/password validation and RSA-OAEP decryption, two HTTPXRequest values, API parameter conversion, do_api_request, get_me identity caching, initialization/shutdown, identity shortcuts, and repr/dict. Typed wrappers cover message send/draft/delete/edit, checklist send/edit, bulk delete/forward/copy, photo/document/audio/sticker/video/animation/voice/video-note sends with InputFile or file IDs, location/venue/contact/dice/native poll sends, profile-photo set/remove, chat actions, emoji status, sticker-set lookup/mutation and InputSticker upload/create/replace, available-gift and topic-icon sticker lookup, gift sending/listings/conversion/upgrade/transfer, Stars balance/transaction queries and premium gifts, refunds and subscription changes, business-account gift/profile/message/balance settings and operations, member tags, verification changes, managed-bot token/access settings, user boost/profile-audio/personal-message lookup, updates, webhooks, callback/inline/payment/guest/Web App query answers, prepared inline messages, commands, menu buttons, bot names/descriptions, invite links, join-request approval, forum topic and General-topic operations, reactions, default administrator rights, moderation and chat configuration. Multipart file sends preserve binary bytes and arbitrary API keyword parameters; duplicate api_kwargs replace endpoint defaults. Guest-query results accept native JSON documents while InlineQueryResult default insertion is not implemented. Several native method signatures still use JSON documents for polymorphic inputs and omit endpoint timeout controls; story, invoice, live-photo, media-group, paid-media, live-location, and all other public Bot method names now have native wrappers; endpoint timeout/default parity, some JSON-backed polymorphic inputs, full parsed/cached private-key object semantics, exact freeze/equality behavior, and async semantics remain open."
_botaccesssettings.py,_botaccesssettings.mojo,77,a6eb6a878f1d37f5281bcdbcc63dc9a5a1557ffc525f32486eba05ca12a882eb,in progress,"Native BotAccessSettings handles restriction state, nested User allow-lists, source identity, unknown fields, and JSON/list conversion; tuple semantics and TelegramObject freezing remain."
_botcommand.py,_botcommand.mojo,83,bbfea7f0e80e97e80507f7550bd05e4a17459d9ecd34de68ac69175b75888e3b,in progress,"Native command and description values, source-derived limits, JSON conversion, API kwargs retention, equality/hash, and list conversion compile and pass focused checks; TelegramObject base behavior and full upstream surface remain."
_botcommandscope.py,_botcommandscope.mojo,267,aa3f8b501857045825cc86e0be1864f89628914f27dfd78ae98fa38f3dfc0305,in progress,"BotCommandScope plus all seven concrete scope values are native with JSON, equality/hash, API kwargs, and numeric or @username chat IDs; inherited class identity and polymorphic de_json dispatch remain."
_botdescription.py,_botdescription.mojo,76,466f20916bc0140dffaa911d69da54b841231e4056b8cc9d8a56768f101485a0,in progress,"Native BotDescription and BotShortDescription values, JSON conversion, API kwargs retention, equality/hash, and list conversion compile and pass focused checks; TelegramObject base behavior and full upstream surface remain."
_botname.py,_botname.mojo,55,fc3f5d32f475ed731e72e5bc93f4f0e1ae1d8a370f36770c2b1db8ca4cdb5086,in progress,"Native name value, JSON conversion, API kwargs retention, equality/hash, list conversion, and MAX_LENGTH compile and pass focused checks; TelegramObject inheritance and full base-class behavior remain."
_business.py,_business.mojo,691,7d0dace58a50c057516001f9dc0105d7473b2f6d7380e7fa470b58715d7cbce1,in progress,"BusinessBotRights, BusinessConnection, BusinessMessagesDeleted, BusinessIntro, BusinessLocation, BusinessOpeningHoursInterval, and BusinessOpeningHours are native models with nested User/Chat/rights/Sticker/Location values, source identity and hashing, weekly interval parsing, JSON/list conversion, and unknown-field retention. IANA timezone resolution, cached timezone data, datetime interval conversion/is_open helpers, timestamp localization, and shared TelegramObject behavior remain."
_callbackquery.py,_callbackquery.mojo,939,7e93dab1a0dc4339493c9065d9d212a0efb74a4c203416cb68681999aef1d10e,in progress,"CallbackQuery has native required/optional data fields, User parsing, source query-ID identity, from/from_user JSON mapping, typed MaybeInaccessibleMessage decoding (including date-zero inaccessible messages), future-field retention, and answer-text limit; asynchronous Bot/Message shortcut methods remain pending."
_chat.py,_chat.mojo,4277,ad598e37c21c87d9f83608089339469ddbd293dbc8f63d317f3520d8c5708fba,in progress,"Native Chat covers all current identity/base metadata fields, API extension preservation, JSON/list conversion, effective/full names, links, and HTML/Markdown mentions. The numerous Bot shortcut methods and TelegramObject freezing/bot association remain pending."
_chatadministratorrights.py,_chatadministratorrights.mojo,281,2c87fe1aeb81473bb482eec860abe5104dc0aad8b42ab956d5722729b881a2d8,in progress,"ChatAdministratorRights is native for required/optional rights, source identity and JSON conversion, and all_rights/no_rights constructors; TelegramObject behavior remains."
_chatbackground.py,_chatbackground.mojo,533,b27fae250d0dbd10e82783f3ab9464d10a470fec105d83f5e42fe3ec630efc61,in progress,"BackgroundFill parses known variants into a native tagged value and retains unknown type/API fields; solid, gradient, freeform-gradient, and chat-theme concrete values have JSON/equality/hash. BackgroundType dispatch, wallpaper/pattern/fill variants, exact subclass identity, and TelegramObject behavior remain."
_chatboost.py,_chatboost.mojo,440,904ed0d89d633b81850c1fe23ee77b69be79aec9f4796e00c7d4348104be816c,in progress,"Native ChatBoostAdded, tagged ChatBoostSource, named premium/gift-code/giveaway source values, ChatBoost, ChatBoostUpdated, ChatBoostRemoved, and UserChatBoosts cover source variants, nested User/Chat values, timestamp conversion, identity/hash, JSON/list conversion, unknown-field retention, and variant-specific required fields. The tagged base decoder preserves forward compatibility; per-Bot timezone defaults and shared Python TelegramObject behavior remain."
_chatfullinfo.py,_chatfullinfo.mojo,674,20db6a35729e408818e5d0c7240d7b373e71e993b915672996294f695e7b6955,in progress,"ChatFullInfo has typed base Chat and required accepted-gift/accent/reaction fields, lossless JSON round trips, unknown-field retention, and typed dynamic scalar/array accessors; the numerous nested Telegram models, full constructor properties, Bot timezones, and TelegramObject behavior remain."
_chatinvitelink.py,_chatinvitelink.mojo,206,beab2f19633161b59dc38168dc708eac77d2e35e039b42fd3b68b55c1abd9982,in progress,"ChatInviteLink is native for required fields, nested creator User, fixed-offset expiry timestamps, optional limits/names, TimeDelta subscription periods, source identity, JSON/list conversion, and unknown-field retention; Bot-default timezone localization and TelegramObject behavior remain."
_chatjoinrequest.py,_chatjoinrequest.mojo,210,011e55a455aa359abf258a41bf9c02c8432e84f97972734bceca387b461f37c9,in progress,"ChatJoinRequest is native for nested Chat/User/invite-link values, 52-bit user chat IDs, fixed-offset date identity, from-to-from_user JSON mapping, optional bio, JSON/list conversion, and future fields; Bot shortcuts, per-Bot timezone localization, and TelegramObject behavior remain."
_chatlocation.py,_chatlocation.mojo,89,60deeb82d07a5f8e9ce9d72c652e0e592219b8be28de3af5595ec6002c2dcfdb,in progress,"Native ChatLocation converts nested Location data, address, source identity, API kwargs, and address limits; Bot-associated behavior and TelegramObject semantics remain."
_chatmember.py,_chatmember.mojo,734,1bb5df0c7ea15804655545ebce26b6fa3e42eee2345793b95c1ee2f99edaa52a,in progress,"ChatMember is a native tagged value covering all six known status schemas and native owner/administrator/member/restricted/left/banned construction factories, required-field checks, User conversion, timestamp access, equality/hash, JSON/list conversion, and future-field retention. Status-specific data is exposed through generic field accessors; Python subclass identity, named typed properties, bot-timezone defaults, and shared TelegramObject behavior remain."
_chatmemberupdated.py,_chatmemberupdated.mojo,214,f859993185342a7410f6269341d1fb869fd9b237f17649eeac46a029a1c07f1c,in progress,"ChatMemberUpdated is native for nested Chat/User/ChatMember/invite-link values, from-key conversion, timestamp identity, optional join flags, future fields, equality/hash, JSON/list conversion, and changed-field reporting as a JSON mapping. Bot timezone localization, typed Python tuple difference values, member subclasses, and shared TelegramObject behavior remain."
_chatowner.py,_chatowner.mojo,113,7e8e26c63ef5b6f9230dc646543a5c4db9e653d3a6cd6763ebf70c4f2d3efd07,in progress,"Native ChatOwnerChanged and ChatOwnerLeft handle nested and optional User ownership fields, identity, unknown fields, and JSON/list conversion; TelegramObject behavior remains."
_chatpermissions.py,_chatpermissions.mojo,275,9c134655b7d5db0b12219a5675c943c9de743f4c1f58bc721784de37d11da12e,in progress,"ChatPermissions is native for all optional Boolean fields, JSON conversion that omits absent values, source identity, and all_permissions/no_permissions constructors; TelegramObject behavior remains."
_checklists.py,_checklists.mojo,406,f5626eb396e1226f9903c74044e3ee0f08d45250d7dae3132eb14d97231d01e9,in progress,"ChecklistTask and Checklist are native for nested user/chat/task/entity values, timestamps, source identity, UTF-16 entity extraction, JSON/list conversion, and unknown-field retention. ChecklistTasksDone/Added await the Message model; Bot-timezone defaults and TelegramObject behavior remain."
_choseninlineresult.py,_choseninlineresult.mojo,105,43151698d658c8c414749e2bd51f79bd1ce6d1beb84676350f04fe7a49952550,in progress,"Native ChosenInlineResult handles required result/user/query fields, optional Location and inline ID, from-to-from_user key mapping, result ID identity, and unknown fields; TelegramObject behavior remains."
_copytextbutton.py,_copytextbutton.mojo,54,48f9bc9b6c58f2f15a35ebce6d7b0d93c948b626d41d82ee7e54160a7ae1953b,in progress,"Native text value, JSON conversion, API kwargs retention, equality/hash, and list conversion compile and pass focused checks; TelegramObject inheritance, freezing, and full upstream behavior remain."
_dice.py,_dice.mojo,161,f7da2fbfcc02101b2e1df66581fdf6bc5cb8d9b43f86d4b609c3bc0b997b0a05,in progress,"Native integer and emoji fields, source-derived constants, JSON conversion, API kwargs retention, equality/hash, and list conversion are implemented; TelegramObject inheritance, freezing, and upstream class constants such as ALL_EMOJI remain."
_directmessagepricechanged.py,_directmessagepricechanged.mojo,70,f9fb4c620b7989458c9257b8db6f61d3608ad655b2e2cb52cbd809e9ff8332cb,in progress,DirectMessagePriceChanged is a native Boolean/nullable integer model with JSON conversion and source-derived equality/hash; TelegramObject behavior remains.
_directmessagestopic.py,_directmessagestopic.mojo,86,09d314702190495de0d229eaa3be0a6cffbf42203c8ac37e35541f48daf47910,in progress,"Native DirectMessagesTopic handles 64-bit topic IDs, nullable nested User, source identity, unknown fields, and JSON/list conversion; TelegramObject behavior remains."
_files/__init__.py,_files/__init__.mojo,0,e3b0c44298fc1c149afbf4c8996fb92427ae41e4649b934ca495991b7852b855,complete,Upstream package initializer is empty; the native package initializer is intentionally empty.
_files/_basemedium.py,_files/_basemedium.mojo,101,a4cf6c554fc51516259d44d6ee4ab9fb4b8cc220240515cca0839bde872d341b,in progress,"The native _BaseMedium value implements file_id/file_unique_id/file_size, unique-ID equality and hashing, JSON/list conversion, and retention of unknown fields in api_kwargs; Bot-backed async get_file, Python arbitrary-input string coercion, and shared TelegramObject inheritance remain open."
_files/_basethumbedmedium.py,_files/_basethumbedmedium.mojo,100,2d2b5937cda222e03877dcdba778c538b540e7155102d5e4733ce349ea2b0ba9,in progress,"The native _BaseThumbedMedium value adds typed PhotoSize thumbnails to the common media fields and retains legacy thumb plus future fields in api_kwargs during lossless JSON conversion; integration as a base for the concrete media values, Bot-backed shortcuts, and shared TelegramObject behavior remain open."
_files/animation.py,_files/animation.mojo,119,6c5c0ce98a00657d657093f102507f69733282e28b77c9e497ecf58d6e991e27,in progress,"Native Animation handles dimensions, TimeDelta duration, optional metadata and nested PhotoSize thumbnail, unknown fields, equality/hash, and JSON/list conversion; Bot-backed get_file and TelegramObject behavior remain pending."
_files/audio.py,_files/audio.mojo,121,3443d91ee5c0150bc347f14670b6deafc93288d3b481e4720f28cf63fd2b560a,in progress,"Native Audio handles stable file identity, TimeDelta duration JSON, optional music metadata, nested PhotoSize thumbnail, unknown fields, and JSON/list conversion; Bot-backed get_file and TelegramObject behavior remain pending."
_files/chatphoto.py,_files/chatphoto.mojo,177,79e39fa2f6546911f7c91008ba7c25505532edd39fa9d84f51ec891c492772c7,in progress,"Native ChatPhoto handles both size variants, tuple-style stable identity, source size constants, unknown fields, equality/hash, and JSON/list conversion; get_small_file/get_big_file require the pending Bot API lifecycle."
_files/contact.py,_files/contact.mojo,70,463c40a5f111836f2ce0a6aa8378ced59111044ac0e4e160e4e25a57b2ca5fe5,in progress,"Native Contact covers required/optional fields, phone-number identity, API kwargs, and JSON/list conversion; arbitrary Python object string coercion and inherited TelegramObject behavior remain."
_files/document.py,_files/document.mojo,87,d2748361124ed4276b8fec8e225cd7930fea426f496c64217dfbf569df76deab,in progress,"Native Document handles stable file identity, optional filename/MIME/size, nested PhotoSize thumbnails, unknown fields, JSON/list conversion, and equality/hash; Bot-backed get_file and TelegramObject behavior remain pending."
_files/file.py,_files/file.mojo,372,a4ab1698c615855aa46857e08664c61e61d61563e9c9eb2159f3ec9f50d91456,in progress,"Native File metadata covers required/nullable Bot API fields, stable unique-ID equality, unknown fields, and JSON/list conversion; URL encoding, local/remote retrieval, drive/memory downloads, Bot integration, Passport decryption, and TelegramObject behavior remain."
_files/inputfile.py,_files/inputfile.mojo,142,3096bfb43fb977bbb2e5905ec28cdac57fb18b288aba4aab1e88450e0fdc504e,in progress,"Native InputFile accepts UTF-8 strings or byte lists, exposes attach URIs and multipart field data, and guesses common MIME types; open-file streaming, exact system mimetypes coverage, and uuid4 formatting remain."
_files/inputmedia.py,_files/inputmedia.mojo,1382,b8a7cfadc4662052498f400c67dfb9703c876fc1be5160968024e266c03a1413,in progress,"Native tagged InputMedia and InputPaidMedia values carry serialized Bot API fields and multipart uploads, with photo/audio/document/video/animation/sticker/live-photo/location/venue and paid-media factories. Existing PhotoSize, Audio, Document, Video, Animation, and Sticker file IDs are accepted; Audio duration/performer/title are carried through. Media-group and paid-media request integration is wire-tested; per-variant typed keyword constructors, remaining source model coercions, and complete TelegramObject equality/freeze behavior remain."
_files/inputprofilephoto.py,_files/inputprofilephoto.mojo,136,2de01e8ccb58cb82434d919a88ff174cd7f01f2f69ea7c7a371267be344ba6dc,in progress,"Native tagged InputProfilePhoto represents generic, static, and animated values; supports local file IDs/URIs, byte and InputFile uploads, attach multipart handling, optional fractional timestamps, and API kwargs. Focused checks pass. Python subclass identities, datetime.timedelta timestamps, integer timestamp overloads, arbitrary stream objects, and TelegramObject behavior remain."
_files/inputsticker.py,_files/inputsticker.mojo,119,1b47daab323d1e6fb8a4bc0d2c436876f7b70990c5ed36283b72da6fae9a4fa4,in progress,"Native InputSticker handles file IDs, local files/URIs, byte uploads, multipart InputFile attachment, emoji/keyword sequences, nested MaskPosition, and API kwargs. Focused Mojo checks pass. Python Sequence/tuple behavior, TelegramObject freezing/equality/repr, arbitrary stream objects, and the full dynamic file-input union remain."
_files/inputstorycontent.py,_files/inputstorycontent.mojo,164,f365bef883e002c40bb6947bf1d26a87dfdb409b0dcb87ffea16e5d293f98a87,in progress,"Native tagged InputStoryContent represents photo/video story uploads with file IDs, local URIs, bytes, prepared InputFile values, request multipart collection, numeric or native TimeDelta durations, animation flags, and API kwargs. Focused checks pass. Python subclass identities, integer/float/TimeDelta parity at one constructor boundary, arbitrary stream objects, and TelegramObject behavior remain."
_files/livephoto.py,_files/livephoto.mojo,119,1c5ff9a1af1a37e1a1caebf11536de6ef3e2a744378d344513eb13ebe91b5250,in progress,"Native LivePhoto handles dimensions, TimeDelta duration, optional still-photo sizes and file metadata, unknown fields, equality/hash, and JSON/list conversion; empty/absent sequence distinction and Bot-backed get_file remain pending."
_files/location.py,_files/location.mojo,128,9e96558f7fe53c7082fcff9e1c90f1b1d35b589de7fe510a8b02911bd22d7377,in progress,"Native Location covers coordinates, nullable accuracy/heading/proximity fields, TimeDelta live periods, source identity, and JSON/list conversion; Python timedelta migration warnings and inherited TelegramObject behavior remain."
_files/photosize.py,_files/photosize.mojo,75,8e8946e10c01d8d45809e1fccd191592e09a11324a77ddb7a1b8b3e701576b73,in progress,"Native PhotoSize handles required file IDs/dimensions, nullable file size, stable unique-ID equality/hash, unknown API fields, and JSON/list conversion; inherited get_file convenience remains pending with Bot/request lifecycle."
_files/sticker.py,_files/sticker.mojo,383,80bba6894a2113babe5a60fca2bf55172543c227ed5b8c141196a6e3017b3264,in progress,"MaskPosition, Sticker, and StickerSet are native for their current Bot API data fields, nested conversion, stable identity, JSON/list conversion, and unknown-field retention; Sticker Bot-backed get_file convenience and TelegramObject behavior remain pending."
_files/venue.py,_files/venue.mojo,113,7c68a0fec7001794d9ccb15380dff9f0bd100f13b9899bb8c3b040befba4a704,in progress,"Native Venue serializes nested Location data, nullable Foursquare/Google identifiers, source identity, unknown API fields, and lists; Python inheritance and TelegramObject behavior remain."
_files/video.py,_files/video.mojo,179,a14e3725f2edb7cf780833362534091fc1f2962571b78f1eda9c63d273a79ae1,in progress,"Native Video handles dimensions, duration/start timestamp, optional metadata, nested thumbnail/cover/quality arrays, unknown fields, equality/hash, and JSON/list conversion; optional sequence distinction, Bot-backed get_file, and TelegramObject behavior remain pending."
_files/videonote.py,_files/videonote.mojo,106,0184c23232e2f61cde422eff24251b5f336b2090f0eab16a0bade6c91fa3c1c2,in progress,"Native VideoNote handles length, TimeDelta duration, optional size and nested PhotoSize thumbnail, unknown fields, equality/hash, and JSON/list conversion; Bot-backed get_file and TelegramObject behavior remain pending."
_files/videoquality.py,_files/videoquality.mojo,82,9e50a162e10a22182e6bfe9c2e167555a6c9001ac247fe3c4e8788b12a7bd9e4,in progress,"Native VideoQuality handles file IDs, dimensions, codec, nullable file size, stable unique-ID equality/hash, unknown API fields, and JSON/list conversion; inherited get_file convenience remains pending with Bot/request lifecycle."
_files/voice.py,_files/voice.mojo,93,6b8fdcceac5cba8bdb1d17a028559a10271bca6122d49d18c6e7c468503f9d69,in progress,"Native Voice handles stable file identity, TimeDelta duration JSON, optional MIME/size fields, unknown fields, and JSON/list conversion; integer constructor parity, Bot-backed get_file, and TelegramObject behavior remain pending."
_forcereply.py,_forcereply.mojo,106,4ef9c30f755509935e1dbb7342d2abaae01c75adadf94f9941a9b7486d686c50,in progress,"Native ForceReply preserves its always-true force_reply behavior, nullable selective/placeholder fields, identity, limits, and JSON/list conversion; frozen TelegramObject behavior remains."
_forumtopic.py,_forumtopic.mojo,240,31b6f16ffe1b09ae710417e0763101f44c35b3bb418a8c7f42a2576c17d088d1,in progress,"ForumTopic, ForumTopicCreated, and ForumTopicEdited are native scalar/optional models with upstream identity subsets and JSON round trips; other forum-topic models and TelegramObject behavior remain."
_games/__init__.py,_games/__init__.mojo,0,e3b0c44298fc1c149afbf4c8996fb92427ae41e4649b934ca495991b7852b855,complete,Upstream package initializer is empty; the native package initializer is intentionally empty.
_games/callbackgame.py,_games/callbackgame.mojo,33,cff9ded17d1822aeebdb900290fb62fee873e1b8ce83d7be8e07702f2a760aba,in progress,Native empty callback-game value preserves API extension fields and supports JSON/list conversion; inherited TelegramObject behavior remains.
_games/game.py,_games/game.mojo,195,f066869522e122e19de561b85fdd90cec4d5017426138842e7d6c9039568e88b,in progress,"Game is native for required title/description/photo values, optional text/entities/Animation, source identity, UTF-16 entity parsing, JSON/list conversion, and future-field retention. Bot shortcuts and shared TelegramObject behavior remain."
_games/gamehighscore.py,_games/gamehighscore.mojo,71,ec1ecc8e4404d921fe98e3de3fbdbc171ce82a6aa5e5016da26f236f331d9f24,in progress,"Native GameHighScore handles position, nested User, score, upstream equality/hash, unknown fields, and JSON/list conversion; TelegramObject freezing remains."
_gifts.py,_gifts.mojo,523,33023406d887414f74518a1af3fdaab31bc274137d94a513c063831f42d6523b,in progress,"GiftBackground, Gift, Gifts, GiftInfo, and AcceptedGiftTypes are native models with typed nested Sticker/Chat/background/message-entity values, source identities, UTF-16 entity extraction, filtered Dict[MessageEntity, String] parsing, JSON/list conversion, and unknown-field retention. Python TelegramObject behavior remains."
_giveaway.py,_giveaway.mojo,379,721c21297c22b1170fe39009aa1cf2c82ee808810763c621fd48d6730a2bc21a,in progress,"All four giveaway models are native for nested Chat/User values, source identity fields, timestamps, optional prize metadata, JSON/list conversion, and unknown-field retention. GiveawayCompleted preserves giveaway_message as a native JSON document pending typed Message; per-Bot timezone localization and shared TelegramObject behavior remain."
_inline/__init__.py,_inline/__init__.mojo,0,e3b0c44298fc1c149afbf4c8996fb92427ae41e4649b934ca495991b7852b855,complete,Upstream package initializer is empty; the native package initializer is intentionally empty.
_inline/inlinekeyboardbutton.py,_inline/inlinekeyboardbutton.mojo,385,6f84efbf5bf32e0841a19b0a5f8157ba2dccc4b3f2fd510368e253c1c3374d97,in progress,"InlineKeyboardButton is native for scalar values, all currently ported nested values, source equality identity, JSON/list conversion, and future-field retention; arbitrary Python callback objects and TelegramObject freezing remain."
_inline/inlinekeyboardmarkup.py,_inline/inlinekeyboardmarkup.mojo,162,cf058526bd4384511d69799c6b24d3824a557ff956f45c000484949d767557b9,in progress,"InlineKeyboardMarkup is native for nested button grids, ordered equality, JSON/list conversion, and from_button/from_row/from_column factories; Python Sequence/tuple coercion and TelegramObject freezing remain."
_inline/inlinequery.py,_inline/inlinequery.mojo,220,03780e777dc11d1f1afcde77438cad32813824afcafee90a40ee544555ae997d,in progress,"InlineQuery is native for nested sender/location values, from-to-from_user JSON mapping, source id identity/limits, and unknown-field retention; answer() Bot shortcut, Bot timezones, and TelegramObject behavior remain."
_inline/inlinequeryresult.py,_inline/inlinequeryresult.mojo,79,edd16fdfd2f572ec276ac54aabc9867ecf51a222c9743e27ef3f752212952610,in progress,"InlineQueryResult is native for typed type/id fields, id identity, source ID limits, and JSON/list conversion; polymorphic subtype dispatch and TelegramObject behavior remain."
_inline/inlinequeryresultarticle.py,_inline/inlinequeryresultarticle.mojo,129,e912e846a751040868b31442613e2108d7fde1ed78750b0c070839ccd5f9461b,in progress,"InlineQueryResultArticle is native for fixed article type, required title/content, optional URL/description/thumbnail fields, keyboard markup, and future JSON fields; concrete content dispatch and TelegramObject behavior remain."
_inline/inlinequeryresultaudio.py,_inline/inlinequeryresultaudio.mojo,145,ed6d2e6843a9fffc9e3741c695879d8e92030558e055c991242f0335edcb4fb1,in progress,"InlineQueryResultAudio is native for its audio type, id identity, required URL/title, optional performer/duration/caption/parse mode/entity list/markup/content, API extension retention, and JSON/list conversion; duration input supports native TimeDelta rather than Python integer/timedelta unions, polymorphic inheritance, Sequence/tuple semantics, DEFAULT_NONE identity, and TelegramObject behavior remain."
_inline/inlinequeryresultcachedaudio.py,_inline/inlinequeryresultcachedaudio.mojo,117,d27dface90e970041ebe7461e55a2dc5d0e49c6aaa02fba2aac11e8abe215503,in progress,"InlineQueryResultCachedAudio is native for its fixed audio type, id identity, required file id, optional caption/parse mode/entity list/markup/content, API extension retention, and JSON/list conversion; polymorphic inheritance, Python Sequence/tuple semantics, DEFAULT_NONE identity, and TelegramObject behavior remain."
_inline/inlinequeryresultcacheddocument.py,_inline/inlinequeryresultcacheddocument.mojo,127,7d3a59842c7054ed9bab72f6371986fb14fc858ba1398d81e82c26a35527ecbe,in progress,"InlineQueryResultCachedDocument is native for its fixed document type, id identity, required title/file id, optional description/caption/parse mode/entity list/markup/content, API extension retention, and JSON/list conversion; polymorphic inheritance, Python Sequence/tuple semantics, DEFAULT_NONE identity, and TelegramObject behavior remain."
_inline/inlinequeryresultcachedgif.py,_inline/inlinequeryresultcachedgif.mojo,132,e687e3bc3148639c87e4fc17d08f8ec13e254e82aa50726a18ed36607135b6dd,in progress,"InlineQueryResultCachedGif is native for its fixed GIF type, id identity, required file id, optional title/caption/parse mode/entity list/markup/content and above-media-caption flag, API extension retention, and JSON/list conversion; polymorphic inheritance, Python Sequence/tuple semantics, DEFAULT_NONE identity, and TelegramObject behavior remain."
_inline/inlinequeryresultcachedmpeg4gif.py,_inline/inlinequeryresultcachedmpeg4gif.mojo,132,39f3f05cda415cdc5085a4c7b89676db68d120dfaaeeb906bd446362a69135a9,in progress,"InlineQueryResultCachedMpeg4Gif is native for its fixed MPEG4 GIF type, id identity, required file id, optional title/caption/parse mode/entity list/markup/content and above-media-caption flag, API extension retention, and JSON/list conversion; polymorphic inheritance, Python Sequence/tuple semantics, DEFAULT_NONE identity, and TelegramObject behavior remain."
_inline/inlinequeryresultcachedphoto.py,_inline/inlinequeryresultcachedphoto.mojo,137,c39673b24806b79b8c3e70ac046e9cbed414ead96b24466a4fe75fbf71652448,in progress,"InlineQueryResultCachedPhoto is native for its fixed photo type, id identity, required file id, optional title/description/caption/parse mode/entity list/markup/content and above-media-caption flag, API extension retention, and JSON/list conversion; polymorphic inheritance, Python Sequence/tuple semantics, DEFAULT_NONE identity, and TelegramObject behavior remain."
_inline/inlinequeryresultcachedsticker.py,_inline/inlinequeryresultcachedsticker.mojo,81,1f29ea36cd9163513b2bcc7f97a6a6422adf202e7de147ed408b921f46a797fc,in progress,"InlineQueryResultCachedSticker is native for fixed sticker type, id identity, file ID, keyboard markup, generic nested InputMessageContent JSON, and future fields; concrete content dispatch and TelegramObject behavior remain."
_inline/inlinequeryresultcachedvideo.py,_inline/inlinequeryresultcachedvideo.mojo,133,29b8bc1215a33ae9d79ae74ed15ddfddbaf006bafd1db9fedd19c836ae701b6c,in progress,"InlineQueryResultCachedVideo is native for its fixed video type, id identity, required title/file id, optional description/caption/parse mode/entity list/markup/content and above-media-caption flag, API extension retention, and JSON/list conversion; polymorphic inheritance, Python Sequence/tuple semantics, DEFAULT_NONE identity, and TelegramObject behavior remain."
_inline/inlinequeryresultcachedvoice.py,_inline/inlinequeryresultcachedvoice.mojo,122,fb1d3141f6df61f7a5f94e61dfacf1d35fb2a6a9f89cd755fcf54cbad866d36b,in progress,"InlineQueryResultCachedVoice is native for its fixed voice type, id identity, required file id/title, optional caption/parse mode/entity list/markup/content, API extension retention, and JSON/list conversion; polymorphic inheritance, Python Sequence/tuple semantics, DEFAULT_NONE identity, and TelegramObject behavior remain."
_inline/inlinequeryresultcontact.py,_inline/inlinequeryresultcontact.mojo,130,152fa4663dd5ffc94f656d9ab8377b674d1a44adff0fb9566e9ba2791de01b45,in progress,"InlineQueryResultContact is native for fixed contact type, required phone/name fields, optional contact/thumbnail values, keyboard markup, generic InputMessageContent JSON, and future fields; concrete content dispatch and TelegramObject behavior remain."
_inline/inlinequeryresultdocument.py,_inline/inlinequeryresultdocument.mojo,166,1d203a24c4bcebdc6962c91a6bfd3c180e573cfeaa8e13840b7ffa2e2c0f8f57,in progress,"InlineQueryResultDocument is native for document URL/title/MIME type, optional description/caption/entity/markup/content fields, optional thumbnail URL/dimensions, id identity, API extension retention, and JSON/list conversion; polymorphic inheritance, Python Sequence/tuple semantics, DEFAULT_NONE identity, and TelegramObject behavior remain."
_inline/inlinequeryresultgame.py,_inline/inlinequeryresultgame.mojo,65,f3f7b27141177f8a8a6e7fd8ff40198fda120e866b7a887af7f788f1cf94f339,in progress,"InlineQueryResultGame is native for fixed game type, id identity, game name, nested keyboard markup, and unknown-field JSON/list conversion; polymorphic inheritance and TelegramObject behavior remain."
_inline/inlinequeryresultgif.py,_inline/inlinequeryresultgif.mojo,189,53ca9df0379576c6af8abe9209cc48914ff490ccd37a5ac707f4c0b7d6a66f4e,in progress,"InlineQueryResultGif is native for GIF/thumbnail URLs, optional dimensions/title/duration/caption/entity/markup/content fields, thumbnail MIME type, caption placement, id identity, API extension retention, and JSON/list conversion; duration supports TimeDelta rather than integer/timedelta unions, polymorphic inheritance, Sequence/tuple semantics, DEFAULT_NONE identity, and TelegramObject behavior remain."
_inline/inlinequeryresultlocation.py,_inline/inlinequeryresultlocation.mojo,220,442ffba0ab7df9fb1b88db56558d243ff44adce511e2a6fa396f4c56f4ec3a61,in progress,"InlineQueryResultLocation is native for coordinates, fixed-precision live periods, optional accuracy/heading/proximity/thumbnail values, keyboard markup, generic content JSON, and future fields; integer-versus-TimeDelta constructor unions and TelegramObject behavior remain."
_inline/inlinequeryresultmpeg4gif.py,_inline/inlinequeryresultmpeg4gif.mojo,191,042fc08741f73cb39bd55655bd49b30d3a5bcf62efe24cae51c7e14134999287,in progress,"InlineQueryResultMpeg4Gif is native for MPEG4/thumbnail URLs, optional dimensions/title/duration/caption/entity/markup/content fields, thumbnail MIME type, caption placement, id identity, API extension retention, and JSON/list conversion; duration supports TimeDelta rather than integer/timedelta unions, polymorphic inheritance, Sequence/tuple semantics, DEFAULT_NONE identity, and TelegramObject behavior remain."
_inline/inlinequeryresultphoto.py,_inline/inlinequeryresultphoto.mojo,162,d198275ea20e0f2a8a6b24cf19b23d03f11f36cfd51510843372fdba5e7ce1d1,in progress,"InlineQueryResultPhoto is native for photo/thumbnail URLs, optional dimensions/title/description/caption, entities, markup/content, caption placement, id identity, API extension retention, and JSON/list conversion; polymorphic inheritance, Python Sequence/tuple semantics, DEFAULT_NONE identity, and TelegramObject behavior remain."
_inline/inlinequeryresultsbutton.py,_inline/inlinequeryresultsbutton.mojo,116,9fe99b275bee60b11f5f2cb644153001d24165faee04e382658daba14a183de1,in progress,"Native InlineQueryResultsButton supports text, optional nested WebAppInfo or start parameter, source identity, constants, unknown fields, and JSON/list conversion; one-of validation and TelegramObject freezing remain."
_inline/inlinequeryresultvenue.py,_inline/inlinequeryresultvenue.mojo,160,0771d21b3610fd0fa1b9d157a7e3f0115e0126e3f13f58396d1141d860072714,in progress,"InlineQueryResultVenue is native for coordinates, required title/address, optional Foursquare/Google/thumbnail values, keyboard markup, generic content JSON, and future fields; concrete content dispatch and TelegramObject behavior remain."
_inline/inlinequeryresultvideo.py,_inline/inlinequeryresultvideo.mojo,197,d7b491d8008d7fbc3da97afc1903285ceb5af402b94d6a1caa63d5ee759bd6a5,in progress,"InlineQueryResultVideo is native for video URL/MIME type/thumbnail/title, dimensions/duration, optional description/caption/entities/markup/content and caption placement, id identity, API extension retention, and JSON/list conversion; duration supports native TimeDelta rather than integer/timedelta unions, polymorphic inheritance, Sequence/tuple semantics, DEFAULT_NONE identity, and TelegramObject behavior remain."
_inline/inlinequeryresultvoice.py,_inline/inlinequeryresultvoice.mojo,142,46214aaaa3f1e29af2201ab90ad5ea910be1b46c49cabcbf915c3324b1ac96e2,in progress,"InlineQueryResultVoice is native for its voice type, id identity, required URL/title, optional duration/caption/parse mode/entity list/markup/content, API extension retention, and JSON/list conversion; duration input supports native TimeDelta rather than Python integer/timedelta unions, polymorphic inheritance, Sequence/tuple semantics, DEFAULT_NONE identity, and TelegramObject behavior remain."
_inline/inputcontactmessagecontent.py,_inline/inputcontactmessagecontent.mojo,67,4c744e3be53a85357547c4688a2764bb39830e0ef39692c0b692f90dac63af7a,in progress,"Native contact query content covers required/optional fields, phone-number identity, JSON/list conversion, and unknown API fields; InputMessageContent inheritance and TelegramObject behavior remain."
_inline/inputinvoicemessagecontent.py,_inline/inputinvoicemessagecontent.mojo,265,0b89d02139ed561b9b5f1ff9398675c9d2787a5ca8b53d753811c1b80d880940,in progress,"Native invoice query content covers required and nullable scalar fields, price/tip arrays, source identity, JSON/list conversion, and unknown API fields; Python Sequence/tuple behavior and inherited TelegramObject semantics remain."
_inline/inputlocationmessagecontent.py,_inline/inputlocationmessagecontent.mojo,164,cb79206d2f9669e07b529e86058a693f9f9d14828a8b056c0804c70efaa4d43d,in progress,"Native location result supports coordinate/accuracy floats, live-period TimeDelta, heading/proximity fields, source identity, JSON/list conversion, and unknown fields; Python timedelta migration warnings and inherited TelegramObject behavior remain."
_inline/inputmessagecontent.py,_inline/inputmessagecontent.mojo,40,5ccbca1356f15edc419d231fd28d9f03c7c3cf89bf569e5daf55c50c0e4f85c6,in progress,Native empty base value retains unknown fields and supports JSON/list conversion; Mojo structs use composition/protocols rather than Python's mutable class inheritance and TelegramObject behavior remains.
_inline/inputtextmessagecontent.py,_inline/inputtextmessagecontent.mojo,117,21165dc30e5c3750ca593ed1ca92d80f9c37d7095dc4543064ae82f1e44a3457,in progress,"InputTextMessageContent is native for text identity, parse mode, MessageEntity lists, LinkPreviewOptions, disable_web_page_preview conversion/conflict handling, API extension fields, and JSON/list conversion; Python Sequence/tuple semantics, DEFAULT_NONE sentinel identity, TelegramObject inheritance/freezing, and exact subclasses remain language-specific gaps."
_inline/inputvenuemessagecontent.py,_inline/inputvenuemessagecontent.mojo,107,4837159062da84da025d3453ed2f4a2602e528f9883afe9d5ea7590df1d01acc,in progress,"Native venue query content covers coordinate floats, optional provider identifiers, source identity, JSON/list conversion, and unknown fields; InputMessageContent inheritance and TelegramObject behavior remain."
_inline/preparedinlinemessage.py,_inline/preparedinlinemessage.mojo,79,147996e83d329e1b7b1e49dd9cc4885247a5ee3765f8cdcfd3f5f8987fa52ca8,in progress,"PreparedInlineMessage is native for id-based equality/hash, fixed-offset expiry timestamps, JSON/list conversion, and unknown-field retention; per-Bot timezone defaults and TelegramObject behavior remain."
_inputchecklist.py,_inputchecklist.mojo,186,363520e543767ca27a74f280c35f573aa861c9aac48414a4f63d6811a4d012b2,in progress,"InputChecklistTask and InputChecklist are native request values with source equality identities, nested MessageEntity/task conversion, JSON/list decoding, future-field retention, and a parse_mode_is_default bit that preserves DEFAULT_NONE versus explicit values. Python tuple/Sequence semantics, `api_kwargs` constructor syntax, full generic DefaultValue identity, and TelegramObject freezing/repr remain."
_keyboardbutton.py,_keyboardbutton.mojo,273,8ed9451e37805872318142d9812a1514a4ac74f4297f768ba04740dfbc07ee48,in progress,"KeyboardButton is native for every v22.8 field, all nested request/poll/WebApp models, deprecated request_user retention, JSON/list conversion, and upstream identity fields (including omission of request_managed_bot from equality); dynamic Python callback/type behavior and shared TelegramObject behavior remain."
_keyboardbuttonpolltype.py,_keyboardbuttonpolltype.mojo,62,03d7c25c8192ee003686c2e93784d1212381a0ee49c3ea8a79bec2a3340ad072,in progress,"KeyboardButtonPollType supports native Optional[String] values, missing/null JSON, equality/hash, API kwargs retention, and list conversion; enum instance identity and TelegramObject behavior remain."
_keyboardbuttonrequest.py,_keyboardbuttonrequest.mojo,320,512a4c682039e075c37ba7d3ac77d323311c6a148c467451440b810ef2cf11ae,in progress,"KeyboardButtonRequestUsers, KeyboardButtonRequestManagedBot, and KeyboardButtonRequestChat are native with their nullable fields, nested administrator rights, source identity, JSON/list conversion, and unknown-field retention; Python TelegramObject behavior remains."
_linkpreviewoptions.py,_linkpreviewoptions.mojo,100,ba8d956b7c9daa8ef188e7dec69af6cb33315a0e426ceb0eecaaf0a19327ada6,in progress,"LinkPreviewOptions has five optional fields, source field ordering, JSON/equality/hash, and unknown API fields; generic DefaultValue wrapper/sentinel identity and full TelegramObject behavior remain."
_loginurl.py,_loginurl.mojo,104,f85bc09d4053a83bb3f7f25405e220e738a5b9ee3af1be92ec05ff8415b733d0,in progress,"LoginUrl is a native string/nullable Boolean model with source-derived equality, JSON conversion, and API kwargs retention; TelegramObject behavior remains."
_managedbot.py,_managedbot.mojo,123,f4b01d9710c9ce71b577bd77f3ed1c9ce5a99d005661ca67a6e21dc01e72744f,in progress,"ManagedBotCreated and ManagedBotUpdated are native nested User models with upstream identity fields, JSON/list conversion, and future API-field retention; TelegramObject behavior remains."
_menubutton.py,_menubutton.mojo,190,ed55088b1dfa2cfeb2a3c540d1d6b9effd18ea98eb83fb26db10a9babfe343eb,in progress,"Native MenuButton, MenuButtonCommands, MenuButtonWebApp, and MenuButtonDefault values support variant JSON fields, nested WebAppInfo, equality/hash, unknown-field retention, and list conversion. Focused checks pass; Python subclass-based factory dispatch and shared TelegramObject behavior remain."
_message.py,_message.mojo,6126,47b6eaa3228225ab248a7de93f2e65adedc40e2da445ce44224e4426b87d9351,in progress,"Native Mojo Message covers 101 of the 115 upstream constructor fields: required identity/chat/date, nested users/chats, entities and UTF-16 parsing, 28 scalar metadata values, typed media and file attachments, typed giveaway/video-chat/topic/story/payment/gift/checklist/business service values, equality/hash, JSON conversion, quote clipping and occurrence selection, reply arguments, topic/thread helpers, inaccessible-message tagging, links, and ordered attachment selection. Recursive reply_to_message and pinned_message payloads plus 14 not-yet-modeled values (background, checklist events, remaining forum events, passport data, and suggested-post events) are retained as native JSON. Formatting and HTML/Markdown helpers, Bot shortcut methods, timezone defaults, and shared TelegramObject behavior remain."
_messageautodeletetimerchanged.py,_messageautodeletetimerchanged.mojo,74,3956febdd43cee10a5785b4d0cbd4eb3e5920f54ec10828c9e76e24072051ccd,in progress,"Native timer model accepts integer seconds or TimeDelta, keeps microsecond precision, and implements source identity and JSON/list conversion; Python datetime.timedelta types and inherited TelegramObject behavior remain language-specific gaps."
_messageentity.py,_messageentity.mojo,465,bf01bf18a5356da67de310deba6ee9db501a05b3798e2fb2cc177b40b56fd979,in progress,"MessageEntity is native for optional User/date-time metadata, source identity, JSON conversion, UTF-16 extraction/adjustment, entity shifting, and all 20 ALL_TYPES values; concatenation, named Bot timezones, and TelegramObject behavior remain."
_messageid.py,_messageid.mojo,52,8a1eb760933718599d00e4627a52c74aaa14ffad154542a3722179bd84bf6351,in progress,"Native ID value, JSON conversion, equality/hash, and list conversion compile and pass focused checks; TelegramObject inheritance, bot attachment, immutability, and pickling behavior remain."
_messageorigin.py,_messageorigin.mojo,283,b05ecb9e8be770aaa7d16568ae22d7af58223ea035fe7913942ad41d507da052,in progress,"MessageOrigin is a native tagged model for all four source variants, with nested User/Chat conversion, source type/date identity, unknown-tag and future-field retention, timestamps, and list conversion. Source-named runtime subclasses and per-Bot timezone localization remain."
_messagereactionupdated.py,_messagereactionupdated.mojo,200,07e54377ca7146d6175e4e8b3d396af873e8a55a1baf9b0604b3b4e1d39d44c0,in progress,"MessageReactionCountUpdated and MessageReactionUpdated are native models with nested Chat/User/actor-chat values, typed reaction arrays, timestamp identity, source equality/hash fields, JSON/list conversion, and future API-field retention. Bot-specific timezone localization, immutable tuple semantics, recursive=False object behavior, bot association, and shared TelegramObject behavior remain."
_ownedgift.py,_ownedgift.mojo,455,1cc976fd87b2a28e28f7ae189d912b0403ae9282b6e95475e38d410c87a0d6b5,in progress,"OwnedGift is a native tagged regular/unique value with nested Gift/UniqueGift/User/MessageEntity validation, upstream identity, send/transfer timestamp handling, UTF-16 parsing for regular gift text, forward-compatible fields, and regular/unique constructors. OwnedGifts models list identity and pagination. Bot timezone defaults, source subclass constructors, and TelegramObject behavior remain."
_paidmedia.py,_paidmedia.mojo,384,76a6690446c513afb56b1fa4ef74050382c17bb8aa66270330cfff489ebf95d1,in progress,PaidMedia is a native tagged value for preview/photo/video/live_photo with nested PhotoSize/Video/LivePhoto validation and source identities; PaidMediaInfo and PaidMediaPurchased are native nested models. The named Python subclass constructors are represented as native tagged factories; TelegramObject behavior remains.
_paidmessagepricechanged.py,_paidmessagepricechanged.mojo,54,2c2d13973efa661ded7113691e15048cf0875290752a85bcd800a3f7f86a89ab,in progress,"PaidMessagePriceChanged is native for integer JSON, equality/hash, API kwargs retention, and list conversion; TelegramObject behavior remains."
_passport/__init__.py,_passport/__init__.mojo,0,e3b0c44298fc1c149afbf4c8996fb92427ae41e4649b934ca495991b7852b855,complete,Upstream package initializer is empty; the native package initializer is intentionally empty.
_passport/credentials.py,_passport/credentials.mojo,524,f33e6a5bc568be235243147b4cb889e034316c55b0ac91944d11c3e5981f40b8,in progress,"EncryptedCredentials, DataCredentials, FileCredentials, SecureValue, SecureData, and Credentials have native JSON/list models. Native OpenSSL decoding implements strict base64, SHA-512 key/IV derivation, AES-256-CBC, constant-time SHA-256 verification, and RSA-OAEP with SHA-1/MGF1-SHA-1; PEM passwords are supported. Explicit decrypt methods work, while lazy cached properties, permissive Python base64 behavior, and exact TelegramObject identity/freeze semantics remain open."
_passport/data.py,_passport/data.mojo,185,cc7c77e540f61808c57ad57787a34a4d6ce70a40c6f4dda2be7324198365a4dd,in progress,"PersonalDetails, ResidentialAddress, and IdDocumentData are native JSON/list models with required/optional source fields and future-field retention. TelegramObject freezing, warning-based identity semantics, and shared Bot behavior remain."
_passport/encryptedpassportelement.py,_passport/encryptedpassportelement.mojo,278,be505323e2d53cd7c871e5dfea9546ed957bd6ba2bf0b8a0b134bc3923b27104,in progress,"EncryptedPassportElement decrypts authenticated data JSON with matching SecureValue credentials, associates per-file credentials with PassportFile values, and preserves existing JSON/list behavior. Decrypted data remains a JsonDocument instead of the exact PersonalDetails/IdDocumentData/ResidentialAddress model union; type-specific unknown credential lookup, Bot association, and get_file propagation remain open."
_passport/passportdata.py,_passport/passportdata.mojo,128,6c37904e7ca55f829e4ee9a061c0dad56be0fa441baa39c2947ae19ee7d57a68,in progress,"PassportData now exposes explicit credential and element decryption with a PEM key or configured Bot, including RSA-wrapped credentials and nested data decryption. It retains JSON/list conversion and source-derived equality; lazy cached decrypted_data/decrypted_credentials properties, exact typed decrypted-data values, Bot association, and TelegramObject behavior remain open."
_passport/passportelementerrors.py,_passport/passportelementerrors.mojo,440,102bb2ebfd2ce75971c37ee682f2472675a229d490d05c3380c1e3eb31123eb6,in progress,"PassportElementError and all nine specialized Passport error constructors are represented by a native tagged value, preserving source/type/message/detail fields, variant-specific equality/hash identity, JSON/list conversion, and future fields. The source classes are exposed as constructor functions rather than subclasses."
_passport/passportfile.py,_passport/passportfile.mojo,213,598a6419bbced4720e65b9c496c7d9dcd4fcf03da829a7f9a8418cc096a70984,in progress,"PassportFile is native for required metadata, timestamp conversion, unique-ID equality/hash, unknown-field retention, JSON/list conversion, and attaching FileCredentials through decrypted factories. Bot defaults/timezone localization and get_file credential propagation through a Bot remain unavailable until Bot association and file retrieval are ported."
_payment/__init__.py,_payment/__init__.mojo,0,e3b0c44298fc1c149afbf4c8996fb92427ae41e4649b934ca495991b7852b855,complete,Upstream payment initializer is empty; native initializer re-exports the translated payment models.
_payment/invoice.py,_payment/invoice.mojo,134,4e66dd6e29a47f0ffb3146f059c6457e521410d0f754fe397b7b8f01ee04d30f,in progress,"Invoice is native for its five scalar fields, source field order, JSON conversion, equality/hash, list conversion, and api_kwargs; upstream invoice limit constants and TelegramObject behavior remain."
_payment/labeledprice.py,_payment/labeledprice.mojo,63,ff974c85f9fcd9fbbe8a6927b5bb852af01ddff3853c62a186115f939b6d3ee9,in progress,LabeledPrice is native for label/amount JSON conversion and source equality/hash; TelegramObject behavior remains.
_payment/orderinfo.py,_payment/orderinfo.mojo,83,f8cd3fc960d5c6b78fc5f6d324656701416e0561d1c89a33a3b9c9f308158926,in progress,"Native OrderInfo handles optional contact fields and nested ShippingAddress, upstream identity, unknown fields, and JSON/list conversion; TelegramObject behavior remains."
_payment/precheckoutquery.py,_payment/precheckoutquery.mojo,151,46844017cf44842240d0896bf6828d5da0b22fb3b593100371379c248fd7d860,in progress,"Native PreCheckoutQuery includes nested User/OrderInfo, amount/currency and optional shipping fields, source ID identity/hash, unknown-field retention, and list decoding. Focused checks pass. Bot.answer_pre_checkout_query shortcut and TelegramObject lifecycle/representation remain."
_payment/refundedpayment.py,_payment/refundedpayment.mojo,91,4ad88823fc5792cede947eba179ebbbe75aab92805922ae38d2462b7318a1136,in progress,RefundedPayment is a native scalar/nullable model with source-derived identity and JSON conversion; TelegramObject behavior remains.
_payment/shippingaddress.py,_payment/shippingaddress.mojo,87,d267b40a8f8243905f71115e5ad6266d9394b5841718982fc6f1a692fccceb39,in progress,"ShippingAddress is native for all six address strings, JSON conversion, and source equality/hash; TelegramObject behavior remains."
_payment/shippingoption.py,_payment/shippingoption.mojo,77,e07dae238afc9cf515843d53c4d33d0ff7f5603b0b6ecbe3b4e9a05dd01a44ad,in progress,"Native shipping option handles id identity, nested LabeledPrice arrays, empty-sequence omission, unknown API fields, and JSON/list conversion; arbitrary Python Sequence inputs and inherited TelegramObject behavior remain."
_payment/shippingquery.py,_payment/shippingquery.mojo,123,c0c22c82ba0b6a4f932db40b5f21313bafa74b928f11d34ed883039fe8e49f48,in progress,"Native ShippingQuery includes nested User/ShippingAddress conversion, from-key mapping, source ID identity/hash, unknown-field retention, and list decoding. Focused checks pass. Bot.answer_shipping_query shortcut and TelegramObject lifecycle/representation remain."
_payment/stars/__init__.py,_payment/stars/__init__.mojo,0,e3b0c44298fc1c149afbf4c8996fb92427ae41e4649b934ca495991b7852b855,complete,Upstream Stars payment initializer is empty; native initializer re-exports StarAmount.
_payment/stars/affiliateinfo.py,_payment/stars/affiliateinfo.mojo,117,35ff725ab10a52459196e6318173e954b451fd120f414fff6c819a9a6d6e1cda,in progress,"AffiliateInfo is native for its optional nested User/Chat recipients, commission fields, upstream equality identity, JSON/list conversion, and unknown-field retention; TelegramObject behavior remains."
_payment/stars/revenuewithdrawalstate.py,_payment/stars/revenuewithdrawalstate.mojo,181,7165bacfd9305793883b161e290f6a9de07cb246a91732f97516bc5104d9b3f0,in progress,"Native tagged RevenueWithdrawalState handles pending/succeeded/failed and unknown types, succeeded timestamps/URLs, source identity rules, JSON/list decoding, and unknown fields. Focused checks pass. Python subclass dispatch/exported variant classes, Bot timezone defaults, and TelegramObject lifecycle/representation remain."
_payment/stars/staramount.py,_payment/stars/staramount.mojo,64,336ceefa8dec41c1a9ec86e3988eb0346ca0e0eb97ecfdd5c92627cef63747d8,in progress,StarAmount is a native integer/nullable integer model with source-derived equality and JSON conversion; TelegramObject behavior remains.
_payment/stars/startransactions.py,_payment/stars/startransactions.mojo,165,c8f9b006035f91d3151e0dc21597a18fcb8dde73c6c30c79229165ae18026b4a,in progress,"Native StarTransaction and StarTransactions cover amounts, timestamps, nanostars, ordered history, typed tagged TransactionPartner source/receiver values, source identity/hash, unknown fields, and list decoding. Focused checks pass. Immutable tuple behavior, Bot timezone defaults, and TelegramObject behavior remain."
_payment/stars/transactionpartner.py,_payment/stars/transactionpartner.mojo,524,33cbea8211029a77a57914f0ad4cf97518767068020e2f4848263707c78d74f5,in progress,"TransactionPartner is a native tagged value for all seven upstream partner discriminators, with nested User/Chat/AffiliateInfo/RevenueWithdrawalState validation, source equality identities, future-field retention, list conversion, and factories for each variant. Nested Gift/PaidMedia remain JSON documents until those source modules are ported; source runtime subclasses and mutable TelegramObject behavior are represented by the Mojo tagged value."
_payment/successfulpayment.py,_payment/successfulpayment.mojo,158,60e2a564c733fe2fd3af9229e2df924b416be643b6017b63870ce633501d9248,in progress,"Native SuccessfulPayment preserves both charge IDs, recurring fields, nested OrderInfo, subscription-expiry timestamp, source composite identity/hash, unknown JSON fields, and list decoding. Focused checks pass. Bot timezone defaults and TelegramObject lifecycle/representation remain."
_poll.py,_poll.mojo,1334,c29f2cf5c906c28b355e86bc7bb61d5f0a0180c9258f476a7649dcacc1c06162,in progress,"All seven upstream poll models are native for source identities, option and media values, user/chat nesting, timestamps and durations, UTF-16 entity extraction, JSON/list conversion, and unknown-field retention. InputPollOption.media and PollOptionAdded/Deleted.poll_message currently use native JSON documents pending typed input-media and Message models; per-Bot timezone defaults, deprecated warning behavior, and shared TelegramObject semantics remain."
_preparedkeyboardbutton.py,_preparedkeyboardbutton.mojo,54,0fdac03adc84c31705a39b7ece19b243c3d4e1db4a703c36bf5442a10b2fb73b,in progress,"Native id value, JSON conversion, API kwargs retention, equality/hash, and list conversion compile and pass focused checks; TelegramObject inheritance, freezing, and full upstream behavior remain."
_proximityalerttriggered.py,_proximityalerttriggered.mojo,79,69e173f806bd4496517a011e4df604a6cef152dde2cc8f73603f3c6e53568ea9,in progress,"Native ProximityAlertTriggered handles nested traveler/watcher Users, distance, source identity, unknown fields, and JSON/list conversion; TelegramObject behavior remains."
_reaction.py,_reaction.mojo,231,71b6343fdb1711570a3d50566fba076d7ef62b3bf3c888adb3b4968aa500ec0d,in progress,"ReactionType dispatches emoji, custom-emoji, paid, and unknown discriminators into a native tagged value; the three concrete variants and ReactionCount support JSON/list conversion and source identity fields. Python subclass identity/catching and TelegramObject behavior remain language-specific gaps."
_reply.py,_reply.mojo,515,51555fab0fadc3fc02ec6680275ec7dc87fb534cb58c0d897235106560a286e5,in progress,"ExternalReplyInfo, TextQuote, and ReplyParameters are native for typed nested models, source identities, UTF-16 entity extraction, numeric/string chat IDs, JSON/list conversion, and unknown-field retention. Message-originated reply event parsing, DEFAULT_NONE distinction for selected fields, Bot association, and shared TelegramObject behavior remain."
_replykeyboardmarkup.py,_replykeyboardmarkup.mojo,360,ac238e3db3707ad3af840835815b9138dafd2da3e8f2c5fcc9441d3274aa946f,in progress,"ReplyKeyboardMarkup is native for typed/string rows, string normalization, nested KeyboardButton values, optional flags, upstream keyboard-only equality, JSON/list conversion, extra fields, and button/row/column factories; arbitrary Python Sequence and mixed dynamic row coercion plus tuple immutability and TelegramObject behavior remain."
_replykeyboardremove.py,_replykeyboardremove.mojo,72,5323e2fb09867265cb33f9dff433c4f14136b9ea60837b1fa47e7d98b868edd3,in progress,"Native reply-keyboard removal value emits the required true flag, handles optional selective targeting, preserves unknown API fields, and supports JSON/list conversion; inherited TelegramObject behavior remains."
_sentguestmessage.py,_sentguestmessage.mojo,54,0a17fb23cf6e630f910856ef6ddbaa6810e7661c8612de43fee5ad7e7a9318d7,in progress,"Native inline_message_id value, JSON conversion, API kwargs retention, equality/hash, and list conversion compile and pass focused checks; TelegramObject inheritance, freezing, and full upstream behavior remain."
_sentwebappmessage.py,_sentwebappmessage.mojo,55,fa48896e3bf3032aa5cd4b97dd017a332d3f6d8263521116746eb81c848199f9,in progress,"SentWebAppMessage supports native Optional[String] values, missing/null JSON, equality/hash, API kwargs retention, and list conversion; TelegramObject behavior remains."
_shared.py,_shared.mojo,291,feaea6226759218cb5172e973e9982b7558cca08413770b2674ab5543aebdbf2,in progress,"SharedUser, ChatShared, and UsersShared are native for source identity, optional names/usernames, nested PhotoSize lists, user/chat name and link helpers, JSON/list conversion, deprecated user_ids retention, and unknown fields; Python sequence/tuple behavior and TelegramObject semantics remain."
_story.py,_story.mojo,123,801afd8234fe471137ad33624457a4f8c33fee1762cba732a85a057873bd5ab3,in progress,"Story is native for nested Chat conversion, source equality identity (chat and story ID), API kwargs retention, JSON/list conversion, and hashing; the repost Bot shortcut, Bot association, and shared TelegramObject behavior remain."
_storyarea.py,_storyarea.mojo,438,adc2fa2b931f0a4abe3af44bd2a086d5639a0ccfc2cc4f986da6ed5f1cab9670,in progress,"LocationAddress, StoryAreaPosition, StoryArea, and all five StoryAreaType variants are represented as native Mojo data models, with float parsing/serialization, variant-specific equality, nested ReactionType/address conversion, list decoding, and future-field retention. Source-named subclass types are collapsed into StoryAreaType tagged values; TelegramObject behavior remains."
_suggestedpost.py,_suggestedpost.mojo,573,6f617ea1d13bc4c02f1842d694bc3a4a8b9ecbd81197e399593230b7a4492c57,in progress,"SuggestedPostPrice is native for string/integer JSON, equality/hash, API kwargs retention, and list conversion; remaining SuggestedPost classes are unported."
_switchinlinequerychosenchat.py,_switchinlinequerychosenchat.mojo,99,acda1a770f7dd0771c5f4f2d42919dc183b14ca6ff27d531ea147695cdb978a9,in progress,SwitchInlineQueryChosenChat is a native nullable string/Boolean model with source-derived equality and JSON conversion; TelegramObject behavior remains.
_telegramobject.py,_telegramobject.mojo,722,9ffa05eb474061f3633f78e122b9c8fc7abe7a80e94ea5c5e83f6f9967264304,in progress,"A native TelegramJsonDecodable/TelegramJsonObject trait defines static JSON decode/list and instance serialization contracts; shared bot association, immutability, repr, equality, pickle, deep-copy, and recursive serialization behavior remain."
_uniquegift.py,_uniquegift.mojo,642,ffe02dc371cadd0d43d6f53de52755124ca076178ed9b19c020c5cf096c2622d,in progress,"All seven source classes are native: UniqueGiftColors, Model, Symbol, BackdropColors, Backdrop, UniqueGift, and UniqueGiftInfo. Nested stickers/chats/colors, identity/hash, JSON/list conversion, unknown fields, resale/transfer metadata, and UTC timestamp conversion are implemented. Bot-specific timezone defaults and TelegramObject behavior remain."
_update.py,_update.mojo,862,4fb90336fd63379b9cb627a04fbcc1e1e386e944fa5e7669834040b51621a7f2,in progress,"Native Update models all 25 Bot API update categories and matches the upstream positional constructor order. All 25 event payloads decode into typed native Mojo models, including business and chat-boost events. Equality/hash by update_id, JSON/list conversion, future-field retention, effective user/sender/chat/message accessors, and an ordered all_types() list factory are included. Shared TelegramObject behavior, cached property semantics, and exact Python union behavior remain open."
_user.py,_user.mojo,3067,73fe36115875fe46e58787136f3c64bdfa493566552bf857c48c9609bf08f1d2,in progress,"Native User covers all Bot API data fields through v22.8, stable ID identity, names, profile link, HTML and Markdown mentions, null/false JSON behavior, and unknown fields; the many Bot shortcut/network methods and mention_button remain unported."
_userprofileaudios.py,_userprofileaudios.mojo,76,fb49f0b2be97916cd1b15676504812e4defa75053c1886d5b5790d0c41be7684,in progress,"Native UserProfileAudios preserves ordered nested Audio values, source equality fields, unknown JSON fields, and list conversion; tuple immutability and Bot shortcuts remain."
_userprofilephotos.py,_userprofilephotos.mojo,81,1a333646fdd02b1684ea92f432717896f9cd44a5754b171c3f92e8e8e01ad7df,in progress,"Native UserProfilePhotos preserves grouped PhotoSize rows, source equality fields, unknown JSON fields, and list conversion; tuple immutability and Bot shortcuts remain."
_userrating.py,_userrating.mojo,75,00dd3db8422013f8d72ab06791eb480e718a2994803a7b64bbac3344cc9ddab6,in progress,"UserRating is a native integer/nullable integer model whose equality uses the upstream level/rating subset; JSON conversion is covered, while TelegramObject behavior remains."
_utils/__init__.py,_utils/__init__.mojo,0,e3b0c44298fc1c149afbf4c8996fb92427ae41e4649b934ca495991b7852b855,complete,Upstream package initializer is empty; native package re-exports its helper modules and compiles in imports.
_utils/argumentparsing.py,_utils/argumentparsing.mojo,170,4cfd7977b2615d1bb8854f393bc4eb96897ad4005c60ed101bb2e1173113c6aa,in progress,"Native helpers include LinkPreviewOptions resolution, homogeneous List sequence copying, and generic optional decode/list dispatch through the Mojo model trait; Python tuple return semantics, date/time coercion, decrypted helpers, and DefaultValue input unions remain."
_utils/datetime.py,_utils/datetime.mojo,289,5e3a25b0a9f91fae8016d44d37dc4a50a2a09c56922da9dcf0396ca5dbb44ba7,in progress,"Native Gregorian Date and normalized microsecond TimeDelta values plus fixed-offset POSIX TimestampDateTime conversion handle leap dates, pre-epoch values, offsets, and microseconds; named time zones, Bot defaults, environment-controlled timedelta migration/warnings, and zoneinfo lookup remain."
_utils/defaultvalue.py,_utils/defaultvalue.mojo,149,b1bdc6c27639714f37d99b6005c60f4ab9cb3643212afc7fb4a2e8b3df8e3cd0,in progress,"Native generic wrapper, sentinels, scalar get_value overloads, and explicit truthiness helper compile; wrapper identity, generic passthrough for arbitrary values, and Python str/repr behavior remain."
_utils/entities.py,_utils/entities.mojo,73,cb7030638469d2543a247ac86bfd8c593adcd8c5eefa715ce1aa2be8cc14de94,in progress,"Native parse_message_entity accepts explicit UTF-16 ranges or a MessageEntity; parse_message_entities maps entity identity to text, defaults to upstream ALL_TYPES, and supports explicit type filters. Native List input replaces Python's arbitrary Sequence behavior, and Python dictionary details remain language-specific."
_utils/enum.py,_utils/enum.mojo,91,2e40684a80e309c5867605e9406c256c600b0730dc438d74ef5bdfb9557a6cdc,not started,
_utils/files.py,_utils/files.mojo,160,3d0f8e57ac60e3a5dcf46220daf4a58c75412ba99fda78bab26129b274d2f3b5,in progress,"Native helpers classify string IDs, existing Path values, byte-list uploads, and InputFile values; local-mode file URIs are percent-encoded and upload results feed RequestParameter. Focused tests pass. Python IO stream objects, arbitrary TelegramObject pass-through/tg_type class dispatch, and Windows-specific file URI semantics remain open."
_utils/logging.py,_utils/logging.mojo,50,305007a3cc14000d6e7df0d45fbc6c96f5b4186c4e593a69b57ef243514b4919,not started,
_utils/markup.py,_utils/markup.mojo,50,1cbe710c618a91ceb7d725ab63fcbbaa450f3f81c6d598bb49e01c297b12efda,in progress,"check_keyboard_type accepts native List[List[T]] rows, rejects nonempty List[String] inputs and String keyboards, rejects String-list buttons nested one level deep, and handles empty values. Arbitrary Python Sequence/tuple types, generic deeper-sequence detection, and distinguishing bytes from lists remain language-specific gaps."
_utils/repr.py,_utils/repr.mojo,46,828ba7116817b90aa2c0fde41380e56180c066c291fbd360b2118d08eaf9afb8,in progress,Native selected-attribute repr construction preserves explicit field order and provides scalar stringification; dynamic Python object/class inspection and arbitrary keyword-value conversion remain.
_utils/strings.py,_utils/strings.mojo,55,2fd8ba89240372db4929a1c44f09a17380f378466c9919a8571550a9adc9c9c6,in progress,TextEncoding and to_camel_case are native; CPython 3.11 Unicode mappings pass source-derived cases. Enum edge semantics still need review.
_utils/types.py,_utils/types.mojo,109,1cd60edd0c8fd06e2ccd50a997b6182f00f519932aebad97b07613b8cc073378,not started,
_utils/usernames.py,_utils/usernames.mojo,109,a0f2e3f77acdc495088a7773b3fd09f96ef653a6916c034e315f8e0d782944cc,in progress,"get_name, get_full_name, and get_link are native functions using Mojo Optional[String] and pass missing/empty-name checks."
_utils/warnings.py,_utils/warnings.mojo,56,e4a99a2388d84885af602802625d58bdac64d12e84268684affa90b020a46b87,not started,
_utils/warnings_transition.py,_utils/warnings_transition.mojo,116,e56c2096e7254a6a1b6c5cc11936b2993c00daa773aa088ca2a10be4e307a55c,in progress,"The deprecation-message builder preserves upstream wording. A typed string-argument resolver mirrors truthiness, equality conflict errors, and carries a PTBDeprecationWarning value for old-name use; arbitrary Python values, callback invocation, warning filters, and stacklevel reporting remain unsupported."
_version.py,_version.mojo,56,b4054c9158b0100529e62ecb6b92761ee3b9745ab7cb95614c31a735ac5daa7a,in progress,"Native version fields, formatting, tuple conversion, pre-release tags, and public constants are implemented; full named-tuple compatibility remains."
_videochat.py,_videochat.mojo,207,dc9d1fc7198692d5a8744a52c4183e62a8fe9f1635ff795b1a624a9b94ca8ce4,in progress,"VideoChatStarted, VideoChatEnded, VideoChatParticipantsInvited, and VideoChatScheduled are native values with duration normalization, nested User lists, fixed-offset timestamps, JSON/list conversion, equality/hash, and future-field retention. Bot timezone defaults, Python deprecated integer-duration behavior, tuple semantics, and shared TelegramObject behavior remain."
_webappdata.py,_webappdata.mojo,62,99b5f39e857708e49aa35be06b73e09d08be7476810c03d24b0f3e94db132f90,in progress,"WebAppData is native for string JSON, equality/hash, API kwargs retention, and list conversion; TelegramObject behavior remains."
_webappinfo.py,_webappinfo.mojo,57,b7bf54ccef614fc6be00c63538670c260c7b6d9625606a2626b6a5fa2098667c,in progress,"Native URL value, JSON conversion, API kwargs retention, equality/hash, and list conversion compile and pass focused checks; TelegramObject inheritance, freezing, and full upstream behavior remain."
_webhookinfo.py,_webhookinfo.mojo,181,7769eec4614e9101b4cb2de1143c216d90148866b6bc811956064e3b05cbe765,in progress,"WebhookInfo is native for all upstream identity fields, nested timestamp values, optional metadata, allowed-update sequences, JSON/list conversion, validation, equality/hash, and future-field retention. Bot-specific timezone localization, immutable tuple behavior, Bot defaults, and shared TelegramObject behavior remain."
_writeaccessallowed.py,_writeaccessallowed.mojo,87,7a30391ef57c2a64507c0b9234ba4bf47b0687bcf18ea8809aa53d93fddf3217,in progress,WriteAccessAllowed is a native nullable string/Boolean model with source-derived equality and JSON conversion; TelegramObject behavior remains.
constants.py,constants.mojo,4193,fb9a137ed7942b7ec19ef7ff13ec65654c5b43fd519e69ddce7e1738753d16fb,in progress,Native values cover 95 enum types and globals; 620 source-derived member/value checks pass. Enum metaclass behavior and full docs remain.
error.py,error.mojo,277,56385239c879c9b86518832edc5ee3cdee6f8341730b03efee350f3b350a10ed,in progress,"Native TelegramError values normalize source prefixes and include named constructors, retry-after/chat-migration payloads, writable messages, and repr; distinct catchable subclasses, timedelta/environment migration behavior, deprecation warnings, and pickle compatibility remain."
ext/__init__.py,ext/__init__.mojo,106,f5eb32f2c8bf4bf279c5dd22a3c03a45af50cf1ce6d9f65cfa19d62ca44e4fd9,in progress,"Native extension package initializer exposes translated filters, partial BaseHandler behavior, MessageHandler Boolean-filter evaluation, statically specialized TypeHandler, and typed predicates for Poll, PollAnswer, PreCheckoutQuery, ShippingQuery, BusinessConnection, BusinessMessagesDeleted, PaidMediaPurchased, ManagedBotUpdated, ChatJoinRequest, ChatMember, ChatBoost, ChosenInlineResult, InlineQuery, Prefix, MessageReaction, CallbackQuery regex, and StringRegex updates, plus StringCommandHandler; callback/context/Application dispatch, remaining handlers, persistence, updater, rate-limiter, and job-queue exports remain pending."
ext/_aioratelimiter.py,ext/_aioratelimiter.mojo,293,99094d1af3ab0821c9f3ddb0c637c3bb4eed1aa180e863dbade442da14d944b8,not started,
ext/_application.py,ext/_application.mojo,1940,a07d7b5a07b92c07c341224b6d318afa35fe44c719fe71e87fd244efcf132f93,not started,
ext/_applicationbuilder.py,ext/_applicationbuilder.mojo,1362,c78ca25131045b3bd18a7bf3b481acc49ca191cc4ffdc75b47369716e437caaa,not started,
ext/_basepersistence.py,ext/_basepersistence.mojo,441,3dfb645da5d3266bdb4282144376634b4775f5f185efd55342c5a8ca3b25538f,not started,
ext/_baseratelimiter.py,ext/_baseratelimiter.mojo,143,48c21db65a15e8d4a41f7917b056753855616866949d33dc1b2cdcb923f89c31,not started,
ext/_baseupdateprocessor.py,ext/_baseupdateprocessor.mojo,202,8fe0b1b6d7090f25f26e26e382ac9a57188dcfd8419e686d42747947a8b95416,not started,
ext/_callbackcontext.py,ext/_callbackcontext.mojo,425,5bdf530c0b95c9c840e15a1003796a6fe26afbe16bba10dd16a22f61e1bf8820,not started,
ext/_callbackdatacache.py,ext/_callbackdatacache.mojo,469,02eeeb1b00bd1be1148c70271310efeebe5352eae85688b73b28f7cfe813d836,not started,
ext/_contexttypes.py,ext/_contexttypes.mojo,227,6fb177b8c0b1a78df7c8de11395ce2ac891ef8fb43daa784b9bec21f64b1fa66,not started,
ext/_defaults.py,ext/_defaults.mojo,362,4fc91c1798f7f374289a51a0e757747cad9984dcab5323a5cc5bf645ad9ecb8b,not started,
ext/_dictpersistence.py,ext/_dictpersistence.mojo,482,d5574f944a6940259bb041283b862b6e83635e3f6b3d61e2034385459693ca91,not started,
ext/_extbot.py,ext/_extbot.mojo,5987,093bddefa615ef8cd779b3dc2e7db71b340ca0a18b1f79f317dc04cebe6fe3b6,not started,
ext/_handlers/__init__.py,ext/_handlers/__init__.mojo,0,e3b0c44298fc1c149afbf4c8996fb92427ae41e4649b934ca495991b7852b855,complete,Upstream package initializer is empty; the native package initializer is intentionally empty.
ext/_handlers/basehandler.py,ext/_handlers/basehandler.mojo,176,f0768e07a591b78f493c378d77905302402a2ee87a6496a4453d0c55de75386b,in progress,"Native BaseHandler preserves DEFAULT_TRUE sentinel versus explicit bool, resolves the application block default, delegates typed update checks, and supports default or supplied context collection. Callback storage, asynchronous callback awaiting/result propagation, repr parity, and Application integration remain incomplete because Mojo 1.1 fails to compile generic async methods over arbitrary update/context types and raising async callbacks."
ext/_handlers/businessconnectionhandler.py,ext/_handlers/businessconnectionhandler.mojo,96,c3a57f8485590f80831fc9fec0bc80558d4c88408588fe68b10a6ba0ed5b556a,in progress,Native predicate matches BusinessConnection updates by typed user id or normalized username Set; typed absence and block-default behavior are covered. Python callback/context/Application dispatch and arbitrary Collection constructor inputs remain.
ext/_handlers/businessmessagesdeletedhandler.py,ext/_handlers/businessmessagesdeletedhandler.mojo,96,ced8a5d90dbc2102f4467ee18adf3c69c736496075e0d575b20ae65b078974a9,in progress,Native predicate matches deleted-business-message updates by typed chat id or normalized username Set; typed absence and block-default behavior are covered. Python callback/context/Application dispatch and arbitrary Collection constructor inputs remain.
ext/_handlers/callbackqueryhandler.py,ext/_handlers/callbackqueryhandler.mojo,206,0e95327fdec66256db5e85a3cc0015a6928329695a1567b70d561afc425a092b,in progress,"Native predicate handles optional string regexes over callback data or game names, source XOR selection, empty values, and block defaults. PCRE2 syntax differs from Python re and patterns compile per check; callable/runtime-type patterns, Match results and CallbackContext.matches, callback invocation, and Application integration remain."
ext/_handlers/chatboosthandler.py,ext/_handlers/chatboosthandler.mojo,130,86c00a2db1995778c41d8cef4f67510eb736f19e2cec91cefb55865fa358155a,in progress,"Native predicate matches chat_boost and removed_chat_boost updates, supports the upstream event-type constants, optional normalized chat-ID/username Set filters, and block-default resolution. Callback/context/Application dispatch and arbitrary Collection constructor inputs remain."
ext/_handlers/chatjoinrequesthandler.py,ext/_handlers/chatjoinrequesthandler.mojo,109,7de614f2e7a0250df1578259e3318c3ee48340f2c84884c9ab83bb209fce7218,in progress,Native predicate matches ChatJoinRequest updates by chat id or normalized requesting-user username Set; typed absence and block-default behavior are covered. Python callback/context/Application dispatch and arbitrary Collection constructor inputs remain.
ext/_handlers/chatmemberhandler.py,ext/_handlers/chatmemberhandler.mojo,126,f68a930bda8b661eab67acb861a901ec83412a63cd2fc074dcbe4f6127d95a86,in progress,"Native predicate matches typed chat_member and my_chat_member updates, supports the upstream event-type constants, optional chat-ID Set filtering, and block-default resolution. Callback/context/Application dispatch and arbitrary Collection constructor inputs remain."
ext/_handlers/choseninlineresulthandler.py,ext/_handlers/choseninlineresulthandler.mojo,123,f0c8a7e767ebca62887fb25cbe625147a4baf23282238b72ab97917567de5f90,in progress,"Native predicate matches chosen-inline-result Updates with an optional anchored PCRE2 regex over result_id and resolves block defaults. PCRE2 differs from Python re; typed Match results/context propagation, callback dispatch, and Application integration remain."
ext/_handlers/commandhandler.py,ext/_handlers/commandhandler.mojo,224,28d2a1bc6792298c4730a4176b86b79ad864c6e01a5fd7347438754721a78e70,in progress,"Native predicate checks the first BOT_COMMAND entity, command-name normalization/validation with Unicode decimal digits via PCRE2 UCP, optional bot-target username, Python-style whitespace arguments, bool or exact-count has_args rules, UpdateType.MESSAGES default filtering, and block defaults. The Message model has no associated Bot yet, so callers must set the bot username; callback/context/Application dispatch, filter data results, arbitrary Python Collection commands, PCRE2/Python Unicode database differences, and Match/context propagation remain."
ext/_handlers/conversationhandler.py,ext/_handlers/conversationhandler.mojo,957,b14562c9e539de19bdec53b6bbf0f47697d887b87f7b431a154cd56f2eedaefc,not started,
ext/_handlers/inlinequeryhandler.py,ext/_handlers/inlinequeryhandler.mojo,140,bbc9a90383ff7e73294eedf387bbfb68ff5b6abe1dd566ebce6ded80c7de86a6,in progress,"Native predicate matches inline-query Updates with optional anchored PCRE2 regex over query, optional native List chat-type filtering, and block defaults. PCRE2 differs from Python re; typed Match results/context propagation, callback dispatch, and Application integration remain."
ext/_handlers/managedbotupdatedhandler.py,ext/_handlers/managedbotupdatedhandler.mojo,104,97f1e938d1d4658ef0647b680c1f7fb6274ebf94d0edf536d68eb112c596b91f,in progress,Native predicate matches ManagedBotUpdated when either the creator or bot user passes a typed id or normalized username Set filter. Typed absence and block-default behavior are covered; Python callback/context/Application dispatch and arbitrary Collection constructor inputs remain.
ext/_handlers/messagehandler.py,ext/_handlers/messagehandler.mojo,112,4afcd9464a3fe5aa75ec477df20754bdcab3dde0ae14adfcc914e8d243b13704,in progress,"Native MessageHandler stores a supplied BaseFilter or defaults to ALL, applies the filter to optional typed Updates, and preserves block configuration. Callback construction/dispatch, data-filter result merging into CallbackContext, and Application integration remain."
ext/_handlers/messagereactionhandler.py,ext/_handlers/messagereactionhandler.mojo,180,46cb1c4ab7ccbc597016108a1a179849f0d8962d9044b125c8cb7972328c5e4e,in progress,"Native predicate covers reaction and reaction-count event selection, normalized chat/user identity Sets, the upstream restriction against user filters when anonymous events are included, and block defaults. Callback/context/Application dispatch and arbitrary Python Collection inputs remain."
ext/_handlers/paidmediapurchasedhandler.py,ext/_handlers/paidmediapurchasedhandler.mojo,93,6c2d0543fe3fb939ccdc86b9d5a27d24177247af49c48ffa82794b2b56965953,in progress,Native predicate matches PaidMediaPurchased updates by typed user id or normalized username Set; typed absence and block-default behavior are covered. Python callback/context/Application dispatch and arbitrary Collection constructor inputs remain.
ext/_handlers/pollanswerhandler.py,ext/_handlers/pollanswerhandler.mojo,70,babc76fbfd57f935df3049b68233ee1043097a8d4ea3c93905d158eda16a641e,in progress,Native PollAnswerHandler checks whether an optional typed Update contains a PollAnswer and carries BaseHandler block configuration. Callback construction/dispatch and Application integration remain pending.
ext/_handlers/pollhandler.py,ext/_handlers/pollhandler.mojo,70,761838ee7f6890a66fbb4126bd23be568dc2b4321deaad038028ffe44499abfb,in progress,Native PollHandler checks whether an optional typed Update contains a Poll and carries the BaseHandler block-default configuration. The callback constructor/await path and Application integration are pending; non-Update Python objects cannot be passed to the statically typed Mojo predicate.
ext/_handlers/precheckoutqueryhandler.py,ext/_handlers/precheckoutqueryhandler.mojo,102,5f94b6ebe4491f3d3056e8293c4f526cd5259dfeb3eff4203c2aa74b1d1c5e20,in progress,Native PreCheckoutQueryHandler checks whether an optional typed Update contains a PreCheckoutQuery and carries BaseHandler block configuration. Callback construction/dispatch and Application integration remain pending.
ext/_handlers/prefixhandler.py,ext/_handlers/prefixhandler.mojo,185,9f3cd70eb0691660b730df84aa1192ff9d25bd39166e7c0d517f8c6e2c9c3df9,in progress,"Native PrefixHandler forms case-insensitive prefix-command combinations, parses arguments with Python-style Unicode whitespace splitting, applies UpdateType.MESSAGES or a supplied BaseFilter, and returns a tri-state result with arguments. Callback/context/Application dispatch and mixed scalar/collection constructor overloads remain."
ext/_handlers/shippingqueryhandler.py,ext/_handlers/shippingqueryhandler.mojo,69,098740bf0d70a87343a0cb4418e925eb370cd5e1371aa13a48bb704942832848,in progress,Native ShippingQueryHandler checks whether an optional typed Update contains a ShippingQuery and carries BaseHandler block configuration. Callback construction/dispatch and Application integration remain pending.
ext/_handlers/stringcommandhandler.py,ext/_handlers/stringcommandhandler.mojo,108,d112420713964ff911130f090944f6da54cb1664595d6b3625fb546f63146ccb,in progress,"Native StringCommandHandler matches slash-prefixed strings, preserves Python split-on-literal-space behavior including empty fields, returns argument lists, and resolves block defaults. Callback construction, context.args mutation, awaited callback results, and Application integration remain."
ext/_handlers/stringregexhandler.py,ext/_handlers/stringregexhandler.mojo,115,16366d6326d96fd1d618e2058a10b880a816b1c0eb147b864ec3f1addebd2145,in progress,"Native StringRegexHandler matches typed string updates with an anchored PCRE2 Unicode pattern and resolves block defaults. PCRE2 syntax/edge behavior differs from Python re and recompiles per check; Python Match captures, non-string object dispatch, callback/context/Application behavior remain."
ext/_handlers/typehandler.py,ext/_handlers/typehandler.mojo,98,a7891401f93a58570e3c5fdc78012356f46fcaf6672fc832a088caae11f3b622,in progress,"Native TypeHandler is statically specialized by the handled Mojo type, matches present Optional values, and preserves strict/block settings. Dynamic Python type objects, subclass-aware isinstance behavior, callback/context dispatch, and Application integration remain."
ext/_jobqueue.py,ext/_jobqueue.mojo,1026,dc170f4819182f57d2abf4cb24613fc49a237905162acc852a44b0ade1130fcd,not started,
ext/_picklepersistence.py,ext/_picklepersistence.mojo,564,2a663843573c8fc897ee33a422935a3e607e2a4a3fcf83d5d480dc1569b818c0,not started,
ext/_updater.py,ext/_updater.mojo,776,f08eddf0a6a40a0d674a328f2316f00ce27e72521cf3d1e2621a08364bb43e15,not started,
ext/_utils/__init__.py,ext/_utils/__init__.mojo,17,b055d481d444841ba71125dc6ef7a50b61e94ab9bb34502c47e971afbd145ed9,complete,The upstream initializer contains only license comments; the native initializer is intentionally empty.
ext/_utils/_update_parsing.py,ext/_utils/_update_parsing.mojo,49,52e6d729a7740ff634a22720b40fd0bbebcc4e0cde46fa09f82a4c532877c80e,in progress,"Native update filters normalize scalar, optional, List, and Set inputs into deduplicated Mojo sets and strip one leading @ from usernames. Focused tests pass for scalar/List/Set values. Python frozenset immutability and arbitrary Collection inputs remain language-surface gaps; Optional values are currently overloaded for scalars and Lists, not Optional[Set]."
ext/_utils/asyncio.py,ext/_utils/asyncio.mojo,56,9d6399c65fb65d2b65ee5936879a03f327a6bf89e0c06a962217fabc08c3cf51,not started,
ext/_utils/networkloop.py,ext/_utils/networkloop.mojo,200,77e63504149d56f05a451068cc20a1bb4e1a6d9eea98f960a1cce6819aff4eca,not started,
ext/_utils/stack.py,ext/_utils/stack.mojo,76,9ac2995e498d79393a3a21efc0d8ef21bd034baf7180b4a1fd63b39ea459b125,not started,
ext/_utils/trackingdict.py,ext/_utils/trackingdict.mojo,134,034323b6530c83c9dc12f81f2a8ad70c129181512ff00b9be4304bf76205647e,in progress,"Native typed TrackingDict uses List-backed key/value storage and unique dirty-key tracking for untracked reads, mapping-style indexing, keys/values/items snapshots, tracked writes/deletes, pop with omitted, typed, or None defaults, FIFO popitem, typed setdefault, clear, Dict-based tracked update and update_no_track, explicit mark, and drains of accessed keys or tagged write-items. List lookup is O(n); Python Mapping/UserDict polymorphism, arbitrary Mapping updates, live view objects, None-valued setdefault for non-Optional value types, and exact DELETED object identity remain unrepresented."
ext/_utils/types.py,ext/_utils/types.mojo,105,753608ce9c4b847a64cb6280d16e433d8da13c7fd35fee4323e786290454d631,not started,
ext/_utils/webhookhandler.py,ext/_utils/webhookhandler.mojo,223,c6b0f84e85cca7826966482698dcebee1eb2f8f1504c0f922b6738faa2e0b371,not started,
ext/filters.py,ext/filters.mojo,3224,a7558382f6d8c1a5dfd114f537ce860dd5579347e87af3a8d796de0c19568cc3,in progress,"Native postfix filter values compose with AND, OR, XOR, and inversion. Implemented predicates cover common message/media/service types, all five chat types, supported message/business/guest update types, all 46 StatusUpdate predicates, all five Sticker filters, all seven fixed Dice emoji filters, and 21 unparameterized top-level metadata/service filters. Exact-match Text/Caption and SuccessfulPayment payload filters, PCRE2 Unicode Regex and CaptionRegex search predicates, Command start-position selection, Document category/file-extension/MIME-type filters, Entity/CaptionEntity type filters, scalar/list Language prefix filters, and Mention ID/username/typed-User matching are implemented. Dice value matching accepts native integer lists and scalars for generic and emoji-specific filters. Chat, User, ViaBot, SenderChat, and ForwardedFrom filters implement constructor-time ID/username matching, explicit allow-empty variants, and mutable add/remove/set operations; SenderChat all/channel/supergroup predicates are exposed as module constants. Native getters return List snapshots and setter functions replace assignable Python properties. Event fields absent from typed Message are evaluated from retained api_kwargs with Python-style truthiness; typed booleans, migration ids, lists, strings, models, and pinned_message preserve their truth semantics. Effective-message selection and the BaseFilter message-update gate are represented; UpdateType and other UpdateFilter expressions inspect Update fields after the same upstream gate. Focused smoke checks pass for scalar/list filter construction, username normalization, mutable ID/username updates, expression serialization, Dice value composition, and UTF-16 Mention entity slicing. Regex filter results remain Boolean, with no Match captures or CallbackContext.matches propagation. Runtime coverage of message predicates remains open. Remaining filter families, data-filter result merging, short-circuit semantics, and exact full nested Python namespace parity remain open."
helpers.py,helpers.mojo,204,7a17744a87140277ff47195318083a8d68ee399a8efa60a51aeaf0eb1a9431cd,in progress,"Native escape_markdown, mention_html, mention_markdown, and create_deep_linked_url are implemented; effective_message_type and exact Python exception types remain."
request/__init__.py,request/__init__.mojo,24,07acaf05c6614f3d63c4465928347f1e8c7a72c7024119768fc308f548db1cf4,in progress,Native request package exposes RequestData/RequestParameter preparation plus response parsing and error outcome helpers; async BaseRequest lifecycle and HTTPX transport remain unported.
request/_baserequest.py,request/_baserequest.mojo,444,526622a1d425f441501e569c8a3a421a6cb6ae5d75814407d7eecb6902061b9d,in progress,"Native response helpers decode successful JSON, extract POST results, and map common HTTP error responses into typed Telegram errors, including retry-after/chat migration parameters. A full BaseRequest value with async context management, retry/logging wrapper, timeout resolution, complete HTTPStatus phrases, and streaming/file retrieval behavior remains."
request/_httpxrequest.py,request/_httpxrequest.mojo,305,027c38b028274e9e373f8b8acd1c0b64a837e8d6f763b62be4f82a7eecaf340e,in progress,"HTTPXRequest has a native synchronous transport using Mojo FFI to system libcurl, TLS peer/host verification, HTTP/1.1 or HTTP/2 mode, request timeouts, URL-encoded forms, multipart text and binary file fields, raw file retrieval, upstream user-agent, buffered response bytes, status extraction, error mapping, and lifecycle flags. Connection pooling, proxy/socket/httpx options, separate per-operation timeout overrides, async I/O, and cross-platform dynamic-library discovery remain."
request/_requestdata.py,request/_requestdata.mojo,143,e1dede9b6b4675e55369884d35e9bcc7cb6c5692f0ec1279b5ee453ff7c04333,in progress,"RequestData collects parameters, creates raw and JSON parameter objects, UTF-8 payload bytes, form URL encoding, parametrized URLs, merged upload parts, and multipart form fields paired with in-memory uploads; encode_kwargs and arbitrary Python mappings/tuples remain."
request/_requestparameter.py,request/_requestparameter.mojo,207,cc17108109ecd531225529100c8bfeda14bcf5427b61e1519f5aebee3e8af87c,in progress,"RequestParameter stores typed JSON documents, encodes string/scalar values, and associates InputFile uploads plus InputSticker, InputProfilePhoto, and InputStoryContent attachments with attach URIs or parameter names; nested media conversion and general Python sequences/enums/datetimes remain."
warnings.py,warnings.mojo,87,9f0fdeaaafb43574f3aab5d17f160266884ed943c2df2ff908dceea24089cfab,in progress,"PTBUserWarning, PTBRuntimeWarning, and PTBDeprecationWarning are native message values; deprecation formatting matches the upstream `Deprecated since version {version}: {message}` string. Mojo structs do not inherit Python Warning categories or participate in Python warning filters/stacklevel reporting."
